<?xml version="1.0" encoding="UTF-8"?>
<project xmlns="http://www.netbeans.org/ns/project/1">
    <type>org.netbeans.modules.web.project</type>
    <configuration>
        <data xmlns="http://www.netbeans.org/ns/web-project/3">
            <name>CondominioDonCoronel</name>
            <minimum-ant-version>1.6.5</minimum-ant-version>
            <web-module-libraries>
                <library dirs="200">
                    <file>${file.reference.antlr-2.7.6.jar}</file>
                    <path-in-war>WEB-INF/lib</path-in-war>
                </library>
                <library dirs="200">
                    <file>${file.reference.asm-attrs.jar}</file>
                    <path-in-war>WEB-INF/lib</path-in-war>
                </library>
                <library dirs="200">
                    <file>${file.reference.asm.jar}</file>
                    <path-in-war>WEB-INF/lib</path-in-war>
                </library>
                <library dirs="200">
                    <file>${file.reference.cglib-2.1.3.jar}</file>
                    <path-in-war>WEB-INF/lib</path-in-war>
                </library>
                <library dirs="200">
                    <file>${file.reference.cglib-2.2.jar}</file>
                    <path-in-war>WEB-INF/lib</path-in-war>
                </library>
                <library dirs="200">
                    <file>${file.reference.commons-collections-2.1.1.jar}</file>
                    <path-in-war>WEB-INF/lib</path-in-war>
                </library>
                <library dirs="200">
                    <file>${file.reference.dom4j-1.6.1.jar}</file>
                    <path-in-war>WEB-INF/lib</path-in-war>
                </library>
                <library dirs="200">
                    <file>${file.reference.ehcache-1.2.3.jar}</file>
                    <path-in-war>WEB-INF/lib</path-in-war>
                </library>
                <library dirs="200">
                    <file>${file.reference.hibernate-annotations.jar}</file>
                    <path-in-war>WEB-INF/lib</path-in-war>
                </library>
                <library dirs="200">
                    <file>${file.reference.hibernate-commons-annotations.jar}</file>
                    <path-in-war>WEB-INF/lib</path-in-war>
                </library>
                <library dirs="200">
                    <file>${file.reference.hibernate-entitymanager.jar}</file>
                    <path-in-war>WEB-INF/lib</path-in-war>
                </library>
                <library dirs="200">
                    <file>${file.reference.hibernate-tools.jar}</file>
                    <path-in-war>WEB-INF/lib</path-in-war>
                </library>
                <library dirs="200">
                    <file>${file.reference.hibernate3.jar}</file>
                    <path-in-war>WEB-INF/lib</path-in-war>
                </library>
                <library dirs="200">
                    <file>${file.reference.javassist.jar}</file>
                    <path-in-war>WEB-INF/lib</path-in-war>
                </library>
                <library dirs="200">
                    <file>${file.reference.jdbc2_0-stdext.jar}</file>
                    <path-in-war>WEB-INF/lib</path-in-war>
                </library>
                <library dirs="200">
                    <file>${file.reference.jstl.jar}</file>
                    <path-in-war>WEB-INF/lib</path-in-war>
                </library>
                <library dirs="200">
                    <file>${file.reference.jta.jar}</file>
                    <path-in-war>WEB-INF/lib</path-in-war>
                </library>
                <library dirs="200">
                    <file>${file.reference.mysql-connector-java-5.1.18-bin.jar}</file>
                    <path-in-war>WEB-INF/lib</path-in-war>
                </library>
                <library dirs="200">
                    <file>${file.reference.org-apache-commons-logging.jar}</file>
                    <path-in-war>WEB-INF/lib</path-in-war>
                </library>
                <library dirs="200">
                    <file>${file.reference.spring-aop-3.1.1.RELEASE.jar}</file>
                    <path-in-war>WEB-INF/lib</path-in-war>
                </library>
                <library dirs="200">
                    <file>${file.reference.spring-asm-3.1.1.RELEASE.jar}</file>
                    <path-in-war>WEB-INF/lib</path-in-war>
                </library>
                <library dirs="200">
                    <file>${file.reference.spring-aspects-3.1.1.RELEASE.jar}</file>
                    <path-in-war>WEB-INF/lib</path-in-war>
                </library>
                <library dirs="200">
                    <file>${file.reference.spring-beans-3.1.1.RELEASE.jar}</file>
                    <path-in-war>WEB-INF/lib</path-in-war>
                </library>
                <library dirs="200">
                    <file>${file.reference.spring-context-3.1.1.RELEASE.jar}</file>
                    <path-in-war>WEB-INF/lib</path-in-war>
                </library>
                <library dirs="200">
                    <file>${file.reference.spring-context-support-3.1.1.RELEASE.jar}</file>
                    <path-in-war>WEB-INF/lib</path-in-war>
                </library>
                <library dirs="200">
                    <file>${file.reference.spring-core-3.1.1.RELEASE.jar}</file>
                    <path-in-war>WEB-INF/lib</path-in-war>
                </library>
                <library dirs="200">
                    <file>${file.reference.spring-expression-3.1.1.RELEASE.jar}</file>
                    <path-in-war>WEB-INF/lib</path-in-war>
                </library>
                <library dirs="200">
                    <file>${file.reference.spring-instrument-3.1.1.RELEASE.jar}</file>
                    <path-in-war>WEB-INF/lib</path-in-war>
                </library>
                <library dirs="200">
                    <file>${file.reference.spring-instrument-tomcat-3.1.1.RELEASE.jar}</file>
                    <path-in-war>WEB-INF/lib</path-in-war>
                </library>
                <library dirs="200">
                    <file>${file.reference.spring-jdbc-3.1.1.RELEASE.jar}</file>
                    <path-in-war>WEB-INF/lib</path-in-war>
                </library>
                <library dirs="200">
                    <file>${file.reference.spring-jms-3.1.1.RELEASE.jar}</file>
                    <path-in-war>WEB-INF/lib</path-in-war>
                </library>
                <library dirs="200">
                    <file>${file.reference.spring-orm-3.1.1.RELEASE.jar}</file>
                    <path-in-war>WEB-INF/lib</path-in-war>
                </library>
                <library dirs="200">
                    <file>${file.reference.spring-oxm-3.1.1.RELEASE.jar}</file>
                    <path-in-war>WEB-INF/lib</path-in-war>
                </library>
                <library dirs="200">
                    <file>${file.reference.spring-struts-3.1.1.RELEASE.jar}</file>
                    <path-in-war>WEB-INF/lib</path-in-war>
                </library>
                <library dirs="200">
                    <file>${file.reference.spring-test-3.1.1.RELEASE.jar}</file>
                    <path-in-war>WEB-INF/lib</path-in-war>
                </library>
                <library dirs="200">
                    <file>${file.reference.spring-tx-3.1.1.RELEASE.jar}</file>
                    <path-in-war>WEB-INF/lib</path-in-war>
                </library>
                <library dirs="200">
                    <file>${file.reference.spring-web-3.1.1.RELEASE.jar}</file>
                    <path-in-war>WEB-INF/lib</path-in-war>
                </library>
                <library dirs="200">
                    <file>${file.reference.spring-webmvc-3.1.1.RELEASE.jar}</file>
                    <path-in-war>WEB-INF/lib</path-in-war>
                </library>
                <library dirs="200">
                    <file>${file.reference.spring-webmvc-portlet-3.1.1.RELEASE.jar}</file>
                    <path-in-war>WEB-INF/lib</path-in-war>
                </library>
                <library dirs="200">
                    <file>${file.reference.standard.jar}</file>
                    <path-in-war>WEB-INF/lib</path-in-war>
                </library>
            </web-module-libraries>
            <web-module-additional-libraries/>
            <source-roots>
                <root id="src.dir"/>
            </source-roots>
            <test-roots>
                <root id="test.src.dir"/>
            </test-roots>
        </data>
        <spring-data xmlns="http://www.netbeans.org/ns/spring-data/1">
            <config-files>
                <config-file>web/WEB-INF/applicationContext.xml</config-file>
                <config-file>web/WEB-INF/dispatcher-servlet.xml</config-file>
            </config-files>
            <config-file-groups>
                <config-file-group name="Default Group">
                    <config-file>web/WEB-INF/applicationContext.xml</config-file>
                    <config-file>web/WEB-INF/dispatcher-servlet.xml</config-file>
                </config-file-group>
            </config-file-groups>
        </spring-data>
    </configuration>
</project>
