<?xml version="1.0" encoding="UTF-8"?>
<beans xmlns="http://www.springframework.org/schema/beans"
       xmlns:xsi="http://www.w3.org/2001/XMLSchema-instance"
       xmlns:p="http://www.springframework.org/schema/p"
       xmlns:aop="http://www.springframework.org/schema/aop"
       xmlns:tx="http://www.springframework.org/schema/tx"
       xsi:schemaLocation="http://www.springframework.org/schema/beans http://www.springframework.org/schema/beans/spring-beans-3.1.xsd
       http://www.springframework.org/schema/aop http://www.springframework.org/schema/aop/spring-aop-3.1.xsd
       http://www.springframework.org/schema/tx http://www.springframework.org/schema/tx/spring-tx-3.1.xsd">

    <bean class="org.springframework.web.servlet.mvc.support.ControllerClassNameHandlerMapping"/>

    <bean id="urlMapping" class="org.springframework.web.servlet.handler.SimpleUrlHandlerMapping">
        <property name="mappings">
            <props>
                <prop key="index.htm">indexController</prop>
                <prop key="navega.htm">navegaController</prop>
                <prop key="administrador.htm">administradorController</prop>                
                <prop key="condominio.htm">condominioController</prop>
                <prop key="cuota.htm">cuotaController</prop>
                <prop key="departamento.htm">departamentoController</prop>
                <prop key="edificio.htm">edificioController</prop>
                <prop key="evento.htm">eventoController</prop>
                <prop key="pago.htm">pagoController</prop>
                <prop key="queja.htm">quejaController</prop>
                <prop key="residente.htm">residenteController</prop>
                <prop key="usuario.htm">usuarioController</prop>
                <prop key="visita.htm">visitaController</prop>                
            </props>
        </property>
    </bean>

    <bean id="viewResolver"
          class="org.springframework.web.servlet.view.InternalResourceViewResolver"
          p:prefix="/WEB-INF/jsp/"
          p:suffix=".jsp" />

    <bean name="indexController"
          class="org.springframework.web.servlet.mvc.ParameterizableViewController"
          p:viewName="index" />

</beans>