<?xml version="1.0"?>
<!DOCTYPE hibernate-mapping PUBLIC "-//Hibernate/Hibernate Mapping DTD 3.0//EN"
"http://hibernate.sourceforge.net/hibernate-mapping-3.0.dtd">
<!-- Generated Nov 18, 2013 3:36:25 PM by Hibernate Tools 3.2.1.GA -->
<hibernate-mapping>
    <class name="pe.java.hibernate.Administrador" table="administrador" catalog="db_adonde">
        <id name="id" type="java.lang.Integer">
            <column name="id" />
            <generator class="identity" />
        </id>
        <many-to-one name="usuario" class="pe.java.hibernate.Usuario" fetch="select">
            <column name="usuario_id" not-null="true" />
        </many-to-one>
        <many-to-one name="condominio" class="pe.java.hibernate.Condominio" fetch="select">
            <column name="condominio_id" not-null="true" />
        </many-to-one>
    </class>
</hibernate-mapping>
