<?xml version="1.0"?>
<!DOCTYPE hibernate-mapping PUBLIC "-//Hibernate/Hibernate Mapping DTD 3.0//EN"
"http://hibernate.sourceforge.net/hibernate-mapping-3.0.dtd">
<!-- Generated Nov 18, 2013 3:36:25 PM by Hibernate Tools 3.2.1.GA -->
<hibernate-mapping>
    <class name="pe.java.hibernate.Departamento" table="departamento" catalog="db_adonde">
        <id name="id" type="java.lang.Integer">
            <column name="id" />
            <generator class="identity" />
        </id>
        <many-to-one name="edificio" class="pe.java.hibernate.Edificio" fetch="select">
            <column name="edificio_id" not-null="true" />
        </many-to-one>
        <property name="nombre" type="string">
            <column name="nombre" length="250" not-null="true" />
        </property>
        <property name="descripcion" type="string">
            <column name="descripcion" length="250" not-null="true" />
        </property>
        <set name="visitas" inverse="true">
            <key>
                <column name="departamento_id" not-null="true" />
            </key>
            <one-to-many class="pe.java.hibernate.Visita" />
        </set>
        <set name="residentes" inverse="true">
            <key>
                <column name="departamento_id" not-null="true" />
            </key>
            <one-to-many class="pe.java.hibernate.Residente" />
        </set>
    </class>
</hibernate-mapping>
