<?xml version="1.0"?>
<!DOCTYPE hibernate-mapping PUBLIC "-//Hibernate/Hibernate Mapping DTD 3.0//EN"
"http://hibernate.sourceforge.net/hibernate-mapping-3.0.dtd">
<!-- Generated Nov 18, 2013 3:36:25 PM by Hibernate Tools 3.2.1.GA -->
<hibernate-mapping>
    <class name="pe.java.hibernate.Pago" table="pago" catalog="db_adonde">
        <id name="id" type="java.lang.Integer">
            <column name="id" />
            <generator class="identity" />
        </id>
        <many-to-one name="cuota" class="pe.java.hibernate.Cuota" fetch="select">
            <column name="cuota_id" not-null="true" />
        </many-to-one>
        <property name="departamentoId" type="int">
            <column name="departamento_id" not-null="true" />
        </property>
    </class>
</hibernate-mapping>
