<?xml version="1.0"?>
<!DOCTYPE hibernate-mapping PUBLIC "-//Hibernate/Hibernate Mapping DTD 3.0//EN"
"http://hibernate.sourceforge.net/hibernate-mapping-3.0.dtd">
<!-- Generated Nov 18, 2013 3:36:25 PM by Hibernate Tools 3.2.1.GA -->
<hibernate-mapping>
    <class name="pe.java.hibernate.Usuario" table="usuario" catalog="db_adonde">
        <id name="id" type="java.lang.Integer">
            <column name="id" />
            <generator class="identity" />
        </id>
        <property name="correo" type="string">
            <column name="correo" length="250" not-null="true" />
        </property>
        <property name="clave" type="string">
            <column name="clave" length="100" not-null="true" />
        </property>
        <property name="nombres" type="string">
            <column name="nombres" length="250" not-null="true" />
        </property>
        <property name="apellidoPat" type="string">
            <column name="apellido_pat" length="250" not-null="true" />
        </property>
        <property name="apellidoMat" type="string">
            <column name="apellido_mat" length="250" not-null="true" />
        </property>
        <property name="dni" type="string">
            <column name="dni" length="45" not-null="true" />
        </property>
        <set name="administradors" inverse="true">
            <key>
                <column name="usuario_id" not-null="true" />
            </key>
            <one-to-many class="pe.java.hibernate.Administrador" />
        </set>
        <set name="residentes" inverse="true">
            <key>
                <column name="usuario_id" not-null="true" />
            </key>
            <one-to-many class="pe.java.hibernate.Residente" />
        </set>
    </class>
</hibernate-mapping>
