<?xml version="1.0"?>
<!DOCTYPE hibernate-mapping PUBLIC "-//Hibernate/Hibernate Mapping DTD 3.0//EN"
"http://hibernate.sourceforge.net/hibernate-mapping-3.0.dtd">
<!-- Generated Nov 18, 2013 3:36:25 PM by Hibernate Tools 3.2.1.GA -->
<hibernate-mapping>
    <class name="pe.java.hibernate.Visita" table="visita" catalog="db_adonde">
        <id name="id" type="java.lang.Integer">
            <column name="id" />
            <generator class="identity" />
        </id>
        <many-to-one name="departamento" class="pe.java.hibernate.Departamento" fetch="select">
            <column name="departamento_id" not-null="true" />
        </many-to-one>
        <property name="nombres" type="string">
            <column name="nombres" length="250" not-null="true" />
        </property>
        <property name="apellidoPat" type="string">
            <column name="apellido_pat" length="250" not-null="true" />
        </property>
        <property name="apellidoMat" type="string">
            <column name="apellido_mat" length="250" not-null="true" />
        </property>
        <property name="dni" type="string">
            <column name="dni" length="250" not-null="true" />
        </property>
        <property name="fecha" type="timestamp">
            <column name="fecha" length="19" not-null="true" />
        </property>
    </class>
</hibernate-mapping>
