<?xml version="1.0" encoding="UTF-8"?>
<project-private xmlns="http://www.netbeans.org/ns/project-private/1">
    <editor-bookmarks xmlns="http://www.netbeans.org/ns/editor-bookmarks/2" lastBookmarkId="0"/>
    <open-files xmlns="http://www.netbeans.org/ns/projectui-open-files/2">
        <group>
            <file>file:/C:/Users/jesuscallcas/Desktop/CondominioDonCoronel/web/WEB-INF/jsp/condominio/list.jsp</file>
            <file>file:/C:/Users/jesuscallcas/Desktop/CondominioDonCoronel/web/WEB-INF/jsp/residente/edit.jsp</file>
            <file>file:/C:/Users/jesuscallcas/Desktop/CondominioDonCoronel/web/WEB-INF/jsp/evento/list.jsp</file>
            <file>file:/C:/Users/jesuscallcas/Desktop/CondominioDonCoronel/web/WEB-INF/jsp/condominio/new.jsp</file>
            <file>file:/C:/Users/jesuscallcas/Desktop/CondominioDonCoronel/web/WEB-INF/jsp/includes/mainmenu.jsp</file>
            <file>file:/C:/Users/jesuscallcas/Desktop/CondominioDonCoronel/web/WEB-INF/jsp/visita/list.jsp</file>
            <file>file:/C:/Users/jesuscallcas/Desktop/CondominioDonCoronel/web/WEB-INF/jsp/includes/header.jsp</file>
            <file>file:/C:/Users/jesuscallcas/Desktop/CondominioDonCoronel/web/WEB-INF/jsp/queja/edit.jsp</file>
            <file>file:/C:/Users/jesuscallcas/Desktop/CondominioDonCoronel/web/WEB-INF/jsp/cuota/new.jsp</file>
            <file>file:/C:/Users/jesuscallcas/Desktop/CondominioDonCoronel/web/WEB-INF/jsp/edificio/list.jsp</file>
            <file>file:/C:/Users/jesuscallcas/Desktop/CondominioDonCoronel/web/WEB-INF/jsp/edificio/new.jsp</file>
            <file>file:/C:/Users/jesuscallcas/Desktop/CondominioDonCoronel/web/WEB-INF/jsp/includes/dashboard.jsp</file>
            <file>file:/C:/Users/jesuscallcas/Desktop/CondominioDonCoronel/web/WEB-INF/jsp/usuario/edit.jsp</file>
            <file>file:/C:/Users/jesuscallcas/Desktop/CondominioDonCoronel/web/WEB-INF/jsp/cuota/list.jsp</file>
            <file>file:/C:/Users/jesuscallcas/Desktop/CondominioDonCoronel/web/WEB-INF/jsp/usuario/list.jsp</file>
            <file>file:/C:/Users/jesuscallcas/Desktop/CondominioDonCoronel/web/WEB-INF/jsp/residente/new.jsp</file>
            <file>file:/C:/Users/jesuscallcas/Desktop/CondominioDonCoronel/web/WEB-INF/jsp/administrador/new.jsp</file>
            <file>file:/C:/Users/jesuscallcas/Desktop/CondominioDonCoronel/web/WEB-INF/jsp/departamento/new.jsp</file>
            <file>file:/C:/Users/jesuscallcas/Desktop/CondominioDonCoronel/web/WEB-INF/jsp/cuota/edit.jsp</file>
            <file>file:/C:/Users/jesuscallcas/Desktop/CondominioDonCoronel/web/WEB-INF/jsp/edificio/edit.jsp</file>
            <file>file:/C:/Users/jesuscallcas/Desktop/CondominioDonCoronel/web/WEB-INF/jsp/queja/list.jsp</file>
            <file>file:/C:/Users/jesuscallcas/Desktop/CondominioDonCoronel/web/WEB-INF/jsp/includes/bottom.jsp</file>
            <file>file:/C:/Users/jesuscallcas/Desktop/CondominioDonCoronel/web/WEB-INF/jsp/includes/overlay.jsp</file>
            <file>file:/C:/Users/jesuscallcas/Desktop/CondominioDonCoronel/web/WEB-INF/jsp/usuario/new.jsp</file>
            <file>file:/C:/Users/jesuscallcas/Desktop/CondominioDonCoronel/web/WEB-INF/jsp/condominio/edit.jsp</file>
            <file>file:/C:/Users/jesuscallcas/Desktop/CondominioDonCoronel/web/WEB-INF/jsp/includes/breadcrumb.jsp</file>
            <file>file:/C:/Users/jesuscallcas/Desktop/CondominioDonCoronel/web/WEB-INF/jsp/residente/list.jsp</file>
            <file>file:/C:/Users/jesuscallcas/Desktop/CondominioDonCoronel/web/WEB-INF/jsp/pago/list.jsp</file>
            <file>file:/C:/Users/jesuscallcas/Desktop/CondominioDonCoronel/web/WEB-INF/jsp/administrador/edit.jsp</file>
            <file>file:/C:/Users/jesuscallcas/Desktop/CondominioDonCoronel/web/WEB-INF/jsp/departamento/list.jsp</file>
            <file>file:/C:/Users/jesuscallcas/Desktop/CondominioDonCoronel/web/WEB-INF/jsp/evento/edit.jsp</file>
            <file>file:/C:/Users/jesuscallcas/Desktop/CondominioDonCoronel/web/WEB-INF/jsp/queja/new.jsp</file>
            <file>file:/C:/Users/jesuscallcas/Desktop/CondominioDonCoronel/web/WEB-INF/jsp/includes/footer.jsp</file>
            <file>file:/C:/Users/jesuscallcas/Desktop/CondominioDonCoronel/web/WEB-INF/jsp/administrador/list.jsp</file>
            <file>file:/C:/Users/jesuscallcas/Desktop/CondominioDonCoronel/web/WEB-INF/jsp/visita/_list.jsp</file>
            <file>file:/C:/Users/jesuscallcas/Desktop/CondominioDonCoronel/web/WEB-INF/jsp/visita/new.jsp</file>
            <file>file:/C:/Users/jesuscallcas/Desktop/CondominioDonCoronel/web/WEB-INF/jsp/departamento/edit.jsp</file>
        </group>
    </open-files>
</project-private>
